,題名
0,免許取得後も練習で見直し。何回もおさらいして安心発進/運転手
1,子育て中のママさん活躍中＊定時退社可◎/ブランクOK│製造事務
2,無期雇用実績ありで長く働ける大手！在宅あり◆サポート事務◎
3,★化学品商社★正社員前提！賞与４回有り！受注処理など！
4,時短！ピタッと１２時まで！時間の相談可能★大手で伝票処理など
5,１７時半まで／部内書類仕分けなどの事務／未経験チャレンジＯＫ
6,高時給2300円～＊レアな求人★憧れの有名企業でのCAD設計
7,初めての受付！施術やコスメが最大半額に◎子育て応援!育産休有
8,【7月】未経験、歓迎！お休み相談しやすい簡単庶務◆＠トヨタ町
9,残業ほぼなし！未経験もOK♪豊田市駅より徒歩3分の一般事務！
10,【短期/日払い/1日～】来社不要〉〉〉スマホで3分登録完了◎
11,20代~50代の男女活躍中！昼勤のみもOKの工場内で軽作業
12,【即日ＯＫ】話題の『ポイ活』外出せずに自宅で稼ぐ！履歴書不要
13,【東芝グループ】１６時半帰り！ＯＡ事務サポートなど！
14,１５時退社！時短！会計ソフト入力など！駅近でアクセス抜群！
15,＼在宅あり／働きやすさで選ぶなら大手！メーカー未経験OK！
16,【7月×技術部門】ExcelやAccessを使用した事務業務＠トヨタ町
17,【秘書のお仕事】ご経験が活かせます◆大手ならではの福利厚生◎
18,【事務職】未経験も大歓迎★17時終了◎落ち着いた職場でPC作業♪
19,＼週1/1h~OK／《カンタン市場調査♪》完全在宅！履歴書不要◎
20,＼完全在宅／週1/1h~OK！家事の合間にサクッと！履歴書不要◎
21,[就労支援]14:30終業OK◎PC作業のサポートSTAFF/基本土日休み
22,【土日にガッツリ♪】馬の安全見守るお仕事☆WワークOK！
